{"groups_colors":{"imgui_Editor":{"a":1.0,"b":0.7269999980926514,"g":0.3970000147819519,"r":0.5820000171661377},"imgui_Game":{"a":1.0,"b":0.367000013589859,"g":0.18400000035762787,"r":0.8859999775886536},"imgui_GameNetwork":{"a":1.0,"b":0.2240000069141388,"g":0.4090000092983246,"r":0.9620000123977661},"imgui_Network":{"a":1.0,"b":0.29100000858306885,"g":0.9039999842643738,"r":0.968999981880188},"imgui_None":{"a":1.0,"b":1.0,"g":1.0,"r":1.0},"imgui_Scene":{"a":1.0,"b":1.0,"g":0.9679999947547913,"r":0.47600001096725464},"imgui_ScenePhysics":{"a":1.0,"b":0.8870000243186951,"g":0.3709999918937683,"r":0.4429999887943268},"imgui_SceneRender":{"a":1.0,"b":0.6349999904632568,"g":0.8240000009536743,"r":0.13300000131130219},"imgui_SceneUI":{"a":1.0,"b":0.23199999332427979,"g":0.8700000047683716,"r":0.5830000042915344}},"imgui_colors":{"imgui_Border":{"a":1.0,"b":0.17252899706363678,"g":0.17253899574279785,"r":0.17252199351787567},"imgui_BorderShadow":{"a":0.0,"b":9.999000030802563e-05,"g":9.999000030802563e-05,"r":9.999999747378752e-05},"imgui_Button":{"a":0.4000000059604645,"b":0.5372549891471863,"g":0.5372549891471863,"r":0.5372549891471863},"imgui_ButtonActive":{"a":1.0,"b":0.48235300183296204,"g":0.48235300183296204,"r":0.48235300183296204},"imgui_ButtonHovered":{"a":1.0,"b":0.4156860113143921,"g":0.4156860113143921,"r":0.4156860113143921},"imgui_CheckMark":{"a":1.0,"b":0.6745100021362305,"g":1.0,"r":0.4039219915866852},"imgui_ChildBg":{"a":0.0,"b":1.0,"g":1.0,"r":1.0},"imgui_DockingEmptyBg":{"a":1.0,"b":0.20000000298023224,"g":0.20000000298023224,"r":0.20000000298023224},"imgui_DockingPreview":{"a":0.699999988079071,"b":0.9800000190734863,"g":0.5899999737739563,"r":0.25999999046325684},"imgui_DragDropTarget":{"a":0.8999999761581421,"b":0.0,"g":1.0,"r":1.0},"imgui_FrameBg":{"a":0.5411760210990906,"b":0.24705900251865387,"g":0.24705900251865387,"r":0.24705900251865387},"imgui_FrameBgActive":{"a":0.6705880165100098,"b":0.564706027507782,"g":0.564706027507782,"r":0.564706027507782},"imgui_FrameBgHovered":{"a":0.4000000059604645,"b":0.5098040103912354,"g":0.5098040103912354,"r":0.5098040103912354},"imgui_Header":{"a":0.3098039925098419,"b":0.3215689957141876,"g":0.3215689957141876,"r":0.3215689957141876},"imgui_HeaderActive":{"a":1.0,"b":0.3960779905319214,"g":0.3960779905319214,"r":0.3960779905319214},"imgui_HeaderHovered":{"a":0.800000011920929,"b":0.35294100642204285,"g":0.35294100642204285,"r":0.35294100642204285},"imgui_MenuBarBg":{"a":1.0,"b":0.14000000059604645,"g":0.14000000059604645,"r":0.14000000059604645},"imgui_ModalWindowDimBg":{"a":0.3499999940395355,"b":0.800000011920929,"g":0.800000011920929,"r":0.800000011920929},"imgui_NavHighlight":{"a":1.0,"b":0.9800000190734863,"g":0.5899999737739563,"r":0.25999999046325684},"imgui_NavWindowingDimBg":{"a":0.20000000298023224,"b":0.800000011920929,"g":0.800000011920929,"r":0.800000011920929},"imgui_NavWindowingHighlight":{"a":0.699999988079071,"b":1.0,"g":1.0,"r":1.0},"imgui_PlotHistogram":{"a":1.0,"b":0.0,"g":0.699999988079071,"r":0.8999999761581421},"imgui_PlotHistogramHovered":{"a":1.0,"b":0.0,"g":0.6000000238418579,"r":1.0},"imgui_PlotLines":{"a":1.0,"b":0.5294119715690613,"g":0.5294119715690613,"r":0.5294119715690613},"imgui_PlotLinesHovered":{"a":1.0,"b":0.3499999940395355,"g":0.4300000071525574,"r":1.0},"imgui_PopupBg":{"a":0.9399999976158142,"b":0.07999999821186066,"g":0.07999999821186066,"r":0.07999999821186066},"imgui_ResizeGrip":{"a":0.2509799897670746,"b":0.36078399419784546,"g":0.36078399419784546,"r":0.36078399419784546},"imgui_ResizeGripActive":{"a":0.9490200281143188,"b":0.4000000059604645,"g":0.4000000059604645,"r":0.4000000059604645},"imgui_ResizeGripHovered":{"a":0.6705880165100098,"b":0.47843098640441895,"g":0.47843098640441895,"r":0.47843098640441895},"imgui_ScrollbarBg":{"a":0.5299999713897705,"b":0.019999999552965164,"g":0.019999999552965164,"r":0.019999999552965164},"imgui_ScrollbarGrab":{"a":1.0,"b":0.3100000023841858,"g":0.3100000023841858,"r":0.3100000023841858},"imgui_ScrollbarGrabActive":{"a":1.0,"b":0.5099999904632568,"g":0.5099999904632568,"r":0.5099999904632568},"imgui_ScrollbarGrabHovered":{"a":1.0,"b":0.4099999964237213,"g":0.4099999964237213,"r":0.4099999964237213},"imgui_Separator":{"a":0.5019609928131104,"b":0.4392159879207611,"g":0.4392159879207611,"r":0.4392159879207611},"imgui_SeparatorActive":{"a":1.0,"b":0.5098040103912354,"g":0.5098040103912354,"r":0.5098040103912354},"imgui_SeparatorHovered":{"a":0.7803919911384583,"b":0.49803900718688965,"g":0.49803900718688965,"r":0.49803900718688965},"imgui_SliderGrab":{"a":1.0,"b":0.6588240265846252,"g":0.6588240265846252,"r":0.6588240265846252},"imgui_SliderGrabActive":{"a":1.0,"b":0.756862998008728,"g":1.0,"r":0.4549019932746887},"imgui_Tab":{"a":0.8619999885559082,"b":0.5799999833106995,"g":0.3499999940395355,"r":0.18000000715255737},"imgui_TabActive":{"a":1.0,"b":0.6800000071525574,"g":0.4099999964237213,"r":0.20000000298023224},"imgui_TabHovered":{"a":0.800000011920929,"b":0.9800000190734863,"g":0.5899999737739563,"r":0.25999999046325684},"imgui_TabUnfocused":{"a":0.9724000096321106,"b":0.14800000190734863,"g":0.10199999809265137,"r":0.06800000369548798},"imgui_TabUnfocusedActive":{"a":1.0,"b":0.42399999499320984,"g":0.2619999945163727,"r":0.13600000739097595},"imgui_TableBorderLight":{"a":1.0,"b":0.25,"g":0.23000000417232513,"r":0.23000000417232513},"imgui_TableBorderStrong":{"a":1.0,"b":0.3499999940395355,"g":0.3100000023841858,"r":0.3100000023841858},"imgui_TableHeaderBg":{"a":1.0,"b":0.20000000298023224,"g":0.1899999976158142,"r":0.1899999976158142},"imgui_TableRowBg":{"a":0.0,"b":0.0,"g":0.0,"r":0.0},"imgui_TableRowBgAlt":{"a":0.05999999865889549,"b":1.0,"g":1.0,"r":1.0},"imgui_Text":{"a":1.0,"b":0.6352940201759338,"g":0.6352940201759338,"r":0.6352940201759338},"imgui_TextDisabled":{"a":1.0,"b":0.5,"g":0.5,"r":0.5},"imgui_TextSelectedBg":{"a":0.3499999940395355,"b":0.9800000190734863,"g":0.5899999737739563,"r":0.25999999046325684},"imgui_TitleBg":{"a":1.0,"b":0.09411759674549103,"g":0.09411759674549103,"r":0.09411759674549103},"imgui_TitleBgActive":{"a":1.0,"b":0.09503520280122757,"g":0.09503520280122757,"r":0.09504470229148865},"imgui_TitleBgCollapsed":{"a":1.0,"b":0.0,"g":0.0,"r":0.0},"imgui_WindowBg":{"a":1.0,"b":0.13118800520896912,"g":0.13118800520896912,"r":0.13120099902153015}},"key_bindings":{"axis":[{"invert":false,"key_negative":349,"key_positive":340,"name":"editor_boost","type":0},{"invert":false,"key_negative":83,"key_positive":87,"name":"editor_forward","type":0},{"invert":false,"key_negative":68,"key_positive":65,"name":"editor_left","type":0},{"invert":false,"key_negative":81,"key_positive":69,"name":"editor_up","type":0}],"events":[{"key":67,"mod0":341,"mod1":349,"mod2":349,"name":"copy"},{"key":261,"mod0":349,"mod1":349,"mod2":349,"name":"delete"},{"key":269,"mod0":349,"mod1":349,"mod2":349,"name":"freeze_capture"},{"key":79,"mod0":341,"mod1":349,"mod2":349,"name":"open_scene"},{"key":86,"mod0":341,"mod1":349,"mod2":349,"name":"paste"},{"key":294,"mod0":349,"mod1":349,"mod2":349,"name":"play_pause"},{"key":301,"mod0":349,"mod1":349,"mod2":349,"name":"reload_icons"},{"key":82,"mod0":341,"mod1":349,"mod2":349,"name":"reload_scene"},{"key":300,"mod0":349,"mod1":349,"mod2":349,"name":"reload_shaders"},{"key":83,"mod0":341,"mod1":349,"mod2":349,"name":"save_scene"},{"key":292,"mod0":349,"mod1":349,"mod2":349,"name":"show_ui"},{"key":84,"mod0":349,"mod1":349,"mod2":349,"name":"test"},{"key":258,"mod0":349,"mod1":349,"mod2":349,"name":"toogle_camera"},{"key":76,"mod0":349,"mod1":349,"mod2":349,"name":"toogle_follow_transform_lock"},{"key":290,"mod0":349,"mod1":349,"mod2":349,"name":"toogle_world"}]},"renderer_extent":{"x":1920,"y":1017},"renderer_position":{"x":-1920,"y":1095},"windows_visible":{"1055799177":false,"1061141521":false,"107085517":false,"1278427063":false,"1477362580":true,"1739122739":false,"1745789432":false,"2010074693":false,"2057302101":false,"2083888128":false,"2143887728":true,